
{
    "openapi": "3.0.3",
    "info": {
      "title": "RetrieveInventory API",
      "version": "1.0.0",
      "description": "Returns a list of all ingredients currently available in the kitchen, including quantities and units."
    },
    "servers": [
      {
        "url": "https://yourdomain.com",
        "description": "Production server"
      }
    ],
    "paths": {
      "/mock/retrieve_inventory": {
        "get": {
          "summary": "Retrieve current kitchen inventory",
          "operationId": "getRetrieveInventory",
          "parameters": [],
          "responses": {
            "200": {
              "description": "A list of available ingredients with quantities and units",
              "content": {
                "application/json": {
                  "schema": {
                    "type": "object",
                    "properties": {
                      "inventory": {
                        "type": "array",
                        "items": {
                          "type": "object",
                          "properties": {
                            "ingredient": {
                              "type": "string"
                            },
                            "quantity": {
                              "type": "integer"
                            },
                            "unit": {
                              "type": "string"
                            }
                          }
                        }
                      }
                    }
                  }
                }
              }
            }
          }
        }
      }
    }
  }
  