{
    "openapi": "3.0.3",
    "info": {
      "title": "SearchRecipes API",
      "version": "1.0.0",
      "description": "Search for recipes using a list of ingredients and optional filters like diet, cuisine, and max preparation time."
    },
    "servers": [
      {
        "url": "https://yourdomain.com",
        "description": "Production server"
      }
    ],
    "paths": {
      "/mock/search_recipes": {
        "get": {
          "summary": "Search recipes by ingredients and filters",
          "operationId": "getSearchRecipes",
          "parameters": [
            {
              "name": "ingredients",
              "in": "query",
              "description": "List of ingredients to include in the recipe",
              "required": true,
              "style": "form",
              "explode": true,
              "schema": {
                "type": "array",
                "items": {
                  "type": "string"
                },
                "example": ["tomato", "pasta"]
              }
            },
            {
              "name": "diet",
              "in": "query",
              "description": "Optional dietary preference (e.g., vegan, gluten-free)",
              "required": false,
              "schema": {
                "type": "string"
              }
            },
            {
              "name": "cuisine",
              "in": "query",
              "description": "Optional cuisine type (e.g., Italian, Mexican)",
              "required": false,
              "schema": {
                "type": "string"
              }
            },
            {
              "name": "maxTime",
              "in": "query",
              "description": "Optional max preparation time in minutes",
              "required": false,
              "schema": {
                "type": "number"
              }
            }
          ],
          "responses": {
            "200": {
              "description": "A list of matching recipes",
              "content": {
                "application/json": {
                  "schema": {
                    "type": "object",
                    "properties": {
                      "recipes": {
                        "type": "array",
                        "items": {
                          "type": "object",
                          "properties": {
                            "recipeId": {
                              "type": "string"
                            },
                            "title": {
                              "type": "string"
                            },
                            "ingredients": {
                              "type": "array",
                              "items": {
                                "type": "string"
                              }
                            },
                            "steps": {
                              "type": "array",
                              "items": {
                                "type": "string"
                              }
                            },
                            "prepTime": {
                              "type": "integer"
                            },
                            "diet": {
                              "type": "string"
                            },
                            "cuisine": {
                              "type": "string"
                            }
                          }
                        }
                      }
                    }
                  }
                }
              }
            }
          }
        }
      }
    }
  }
  