{
    "openapi": "3.0.3",
    "info": {
      "title": "GetSlackMessages API",
      "version": "1.0.0",
      "description": "Retrieves unread Slack messages with sender information."
    },
    "servers": [
      {
        "url": "https://yourdomain.com",
        "description": "Production server"
      }
    ],
    "paths": {
      "/mock/get_slack_messages": {
        "get": {
          "summary": "Get unread Slack messages",
          "operationId": "getSlackMessages",
          "parameters": [],
          "responses": {
            "200": {
              "description": "List of unread Slack messages",
              "content": {
                "application/json": {
                  "schema": {
                    "type": "array",
                    "items": {
                      "type": "object",
                      "properties": {
                        "sender": {
                          "type": "string",
                          "description": "Username of the sender"
                        },
                        "message": {
                          "type": "string",
                          "description": "Slack message content"
                        }
                      },
                      "example": {
                        "sender": "john.doe",
                        "message": "Please review the latest documentation"
                      }
                    }
                  }
                }
              }
            }
          }
        }
      }
    }
  }
  