{
  "path": "/mock/create_request",
  "method": "post",
  "operationId": "postCreateRequest",
  "summary": "Create a service request",
  "requestBody": {
    "required": true,
    "content": {
      "application/json": {
        "schema": {
          "type": "object",
          "properties": {
            "description": { "type": "string" },
            "location": { "type": "string" },
            "contact": { "type": "string" },
            "preferred_time": { "type": "string", "format": "date" },
            "priority": { "type": "integer" }
          },
          "required": ["description", "location", "contact", "preferred_time", "priority"]
        }
      }
    }
  },
  "responses": {
    "200": {
      "description": "Request created successfully",
      "content": {
        "application/json": {
          "schema": {
            "type": "object",
            "properties": {
              "status": { "type": "string" },
              "request_id": { "type": "string" },
              "description": { "type": "string" },
              "location": { "type": "string" },
              "contact": { "type": "string" },
              "preferred_time": { "type": "string", "format": "date-time" },
              "priority": { "type": "integer" },
              "created_date": { "type": "string", "format": "date-time" }
            }
          }
        }
      }
    }
  }
}
{
  "path": "/mock/get_request_by_highest_priority",
  "method": "get",
  "operationId": "getRequestByHighestPriority",
  "summary": "Retrieve the highest priority request",
  "responses": {
    "200": {
      "description": "Returns the request with the highest priority and oldest creation time",
      "content": {
        "application/json": {
          "schema": {
            "type": "object",
            "properties": {
              "request_id": { "type": "string" },
              "description": { "type": "string" },
              "location": { "type": "string" },
              "contact": { "type": "string" },
              "preferred_time": { "type": "string", "format": "date-time" },
              "priority": { "type": "integer" },
              "created_date": { "type": "string", "format": "date-time" }
            }
          }
        }
      }
    }
  }
}
{
  "path": "/mock/create_ticket",
  "method": "get",
  "operationId": "getCreateTicket",
  "summary": "Create a ticket for a request",
  "parameters": [
    {
      "name": "request_id",
      "in": "query",
      "description": "Request ID to create a ticket for",
      "required": true,
      "schema": { "type": "string" }
    }
  ],
  "responses": {
    "200": {
      "description": "Ticket created successfully",
      "content": {
        "application/json": {
          "schema": {
            "type": "object",
            "properties": {
              "ticket_id": { "type": "string" },
              "request_id": { "type": "string" },
              "status": { "type": "string" },
              "created_date": { "type": "string", "format": "date-time" }
            }
          }
        }
      }
    }
  }
}
