{
    "openapi": "3.0.3",
    "info": {
      "title": "GetTodoTasks API",
      "version": "1.0.0",
      "description": "Retrieves a list of pending tasks with descriptions and deadlines."
    },
    "servers": [
      {
        "url": "https://yourdomain.com",
        "description": "Production server"
      }
    ],
    "paths": {
      "/mock/get_todo_tasks": {
        "get": {
          "summary": "Get pending tasks",
          "operationId": "getTodoTasks",
          "parameters": [],
          "responses": {
            "200": {
              "description": "List of pending tasks",
              "content": {
                "application/json": {
                  "schema": {
                    "type": "array",
                    "items": {
                      "type": "object",
                      "properties": {
                        "task": {
                          "type": "string",
                          "description": "Description of the task"
                        },
                        "deadline": {
                          "type": "string",
                          "format": "date-time",
                          "description": "Deadline of the task"
                        }
                      },
                      "example": {
                        "task": "Complete quarterly report",
                        "deadline": "2025-05-15T00:00:00"
                      }
                    }
                  }
                }
              }
            }
          }
        }
      }
    }
  }
  