{
    "openapi": "3.0.3",
    "info": {
      "title": "GetUnreadEmails API",
      "version": "1.0.0",
      "description": "Retrieves unread emails with subject and sender information."
    },
    "servers": [
      {
        "url": "https://yourdomain.com",
        "description": "Production server"
      }
    ],
    "paths": {
      "/mock/get_unread_emails": {
        "get": {
          "summary": "Get unread emails",
          "operationId": "getUnreadEmails",
          "parameters": [],
          "responses": {
            "200": {
              "description": "List of unread emails",
              "content": {
                "application/json": {
                  "schema": {
                    "type": "array",
                    "items": {
                      "type": "object",
                      "properties": {
                        "subject": {
                          "type": "string",
                          "description": "Subject line of the email"
                        },
                        "sender": {
                          "type": "string",
                          "description": "Sender email address"
                        }
                      },
                      "example": {
                        "subject": "Meeting reminder for tomorrow",
                        "sender": "manager@company.com"
                      }
                    }
                  }
                }
              }
            }
          }
        }
      }
    }
  }
  