{
    "openapi": "3.0.3",
    "info": {
      "title": "BookService API",
      "version": "1.0.0",
      "description": "Books a selected service based on provided service ID, time, and number of guests. Returns booking confirmation details."
    },
    "servers": [
      {
        "url": "https://yourdomain.com",
        "description": "Production server"
      }
    ],
    "paths": {
      "/mock/book_service": {
        "get": {
          "summary": "Book a service",
          "operationId": "getBookService",
          "parameters": [
            {
              "name": "serviceId",
              "in": "query",
              "description": "UUID of the selected service",
              "required": true,
              "schema": {
                "type": "string",
                "format": "uuid"
              }
            },
            {
              "name": "desiredDateTime",
              "in": "query",
              "description": "Desired booking date and time",
              "required": true,
              "schema": {
                "type": "string",
                "format": "date-time"
              }
            },
            {
              "name": "numGuests",
              "in": "query",
              "description": "Number of guests for the service",
              "required": true,
              "schema": {
                "type": "integer"
              }
            }
          ],
          "responses": {
            "200": {
              "description": "Booking confirmation",
              "content": {
                "application/json": {
                  "schema": {
                    "type": "object",
                    "properties": {
                      "booking_id": {
                        "type": "string",
                        "format": "uuid"
                      },
                      "service_name": {
                        "type": "string"
                      },
                      "booking_time": {
                        "type": "string",
                        "format": "date-time"
                      },
                      "num_guests": {
                        "type": "integer"
                      },
                      "confirmation_message": {
                        "type": "string"
                      }
                    }
                  }
                }
              }
            }
          }
        },
        "post": {
          "summary": "Book a service",
          "operationId": "postBookService",
          "requestBody": {
            "required": true,
            "content": {
              "application/json": {
                "schema": {
                  "type": "object",
                  "properties": {
                    "serviceId": {
                      "type": "string",
                      "format": "uuid"
                    },
                    "desiredDateTime": {
                      "type": "string",
                      "format": "date-time"
                    },
                    "numGuests": {
                      "type": "integer"
                    }
                  },
                  "required": ["serviceId", "desiredDateTime", "numGuests"]
                }
              }
            }
          },
          "responses": {
            "200": {
              "description": "Booking confirmation",
              "content": {
                "application/json": {
                  "schema": {
                    "type": "object",
                    "properties": {
                      "booking_id": {
                        "type": "string",
                        "format": "uuid"
                      },
                      "service_name": {
                        "type": "string"
                      },
                      "booking_time": {
                        "type": "string",
                        "format": "date-time"
                      },
                      "num_guests": {
                        "type": "integer"
                      },
                      "confirmation_message": {
                        "type": "string"
                      }
                    }
                  }
                }
              }
            }
          }
        }
      }
    }
  }
  