{
  "openapi": "3.0.3",
  "info": {
    "title": "GetServicesAvailability API",
    "version": "1.0.0",
    "description": "Returns a collection of available services (e.g., beauty spas, nail salons, massage) based on location, time, and optional preferences like cuisine or service type."
  },
  "servers": [
    {
      "url": "https://yourdomain.com",
      "description": "Production server"
    }
  ],
  "paths": {
    "/mock/services_availability": {
      "get": {
        "summary": "Get available services",
        "operationId": "getServicesAvailability",
        "parameters": [
          {
            "name": "location",
            "in": "query",
            "description": "Latitude and longitude of the user location (comma-separated: lat,long)",
            "required": true,
            "schema": {
              "type": "string",
              "example": "37.7749,-122.4194"
            }
          },
          {
            "name": "cuisine",
            "in": "query",
            "description": "Optional cuisine preference",
            "required": false,
            "schema": {
              "type": "string"
            }
          },
          {
            "name": "desiredDateTime",
            "in": "query",
            "description": "Desired date and time for the service",
            "required": true,
            "schema": {
              "type": "string",
              "format": "date-time"
            }
          },
          {
            "name": "numGuests",
            "in": "query",
            "description": "Number of guests",
            "required": true,
            "schema": {
              "type": "integer"
            }
          },
          {
            "name": "serviceType",
            "in": "query",
            "description": "Optional type of service (e.g., massage, nails)",
            "required": false,
            "schema": {
              "type": "string"
            }
          }
        ],
        "responses": {
          "200": {
            "description": "A list of available services",
            "content": {
              "application/json": {
                "schema": {
                  "type": "array",
                  "items": {
                    "type": "object",
                    "properties": {
                      "service_id": {
                        "type": "string",
                        "format": "uuid"
                      },
                      "name": {
                        "type": "string"
                      },
                      "rating": {
                        "type": "integer",
                        "minimum": 1,
                        "maximum": 5
                      },
                      "address": {
                        "type": "string"
                      },
                      "contact_number": {
                        "type": "string"
                      },
                      "available_times": {
                        "type": "array",
                        "items": {
                          "type": "string",
                          "format": "date-time"
                        }
                      }
                    }
                  }
                }
              }
            }
          }
        }
      }
    }